name,url
Anvers,/fr/station-information/antwerpen
Anvers-Berchem,/fr/station-information/antwerpen/antwerpen-berchem
Anvers-Central,/fr/station-information/antwerpen/antwerpen-centraal
Anvers-Luchtbal,/fr/station-information/antwerpen/antwerpen-luchtbal
Anvers-Noorderdokken,/fr/station-information/antwerpen/antwerpen-noorderdokken
Anvers-Sud,/fr/station-information/antwerpen/antwerpen-zuid
Balen,/fr/station-information/antwerpen/balen
Berlaar,/fr/station-information/antwerpen/berlaar
Boechout,/fr/station-information/antwerpen/boechout
Booischot,/fr/station-information/antwerpen/booischot
Boom,/fr/station-information/antwerpen/boom
Bornem,/fr/station-information/antwerpen/bornem
Bouwel,/fr/station-information/antwerpen/bouwel
Duffel,/fr/station-information/antwerpen/duffel
Ekeren,/fr/station-information/antwerpen/ekeren
Essen,/fr/station-information/antwerpen/essen
Geel,/fr/station-information/antwerpen/geel
Heide,/fr/station-information/antwerpen/heide
Heist-Op-Den-Berg,/fr/station-information/antwerpen/heist-op-den-berg
Hemiksem,/fr/station-information/antwerpen/hemiksem
Herentals,/fr/station-information/antwerpen/herentals
Hoboken-Polder,/fr/station-information/antwerpen/hoboken-polder
Hove,/fr/station-information/antwerpen/hove
Kalmthout,/fr/station-information/antwerpen/kalmthout
Kapellen,/fr/station-information/antwerpen/kapellen
Kessel,/fr/station-information/antwerpen/kessel
Kijkuit,/fr/station-information/antwerpen/kijkuit
Kontich,/fr/station-information/antwerpen/kontich-lint
Lierre,/fr/station-information/antwerpen/lier
Malines,/fr/station-information/antwerpen/mechelen
Malines-Nekkerspoel,/fr/station-information/antwerpen/mechelen-nekkerspoel
Melkouwen,/fr/station-information/antwerpen/melkouwen
Mol,/fr/station-information/antwerpen/mol
Mortsel,/fr/station-information/antwerpen/mortsel
Mortsel-Deurnesteenweg,/fr/station-information/antwerpen/mortsel-deurnesteenweg
Mortsel-Liersesteenweg,/fr/station-information/antwerpen/mortsel-liersesteenweg
Mortsel-Oude-God,/fr/station-information/antwerpen/mortsel-oude-god
Muizen,/fr/station-information/antwerpen/muizen
Niel,/fr/station-information/antwerpen/niel
Nijlen,/fr/station-information/antwerpen/nijlen
Noorderkempen,/fr/station-information/antwerpen/noorderkempen
Olen,/fr/station-information/antwerpen/olen
Puurs,/fr/station-information/antwerpen/puurs
Ruisbroek-Sauvegarde,/fr/station-information/antwerpen/ruisbroek-sauvegarde
Schelle,/fr/station-information/antwerpen/schelle
Sint-Katelijne-Waver,/fr/station-information/antwerpen/sint-katelijne-waver
Sint-Mariaburg,/fr/station-information/antwerpen/sint-mariaburg
Tielen,/fr/station-information/antwerpen/tielen
Turnhout,/fr/station-information/antwerpen/turnhout
Wildert,/fr/station-information/antwerpen/wildert
Willebroek,/fr/station-information/antwerpen/willebroek
Wolfstee,/fr/station-information/antwerpen/wolfstee
Zwijndrecht,/fr/station-information/antwerpen/zwijndrecht
Région De Bruxelles-Capitale,/fr/station-information/brussel-bruxelles
Anderlecht,/fr/station-information/brussel-bruxelles/anderlecht
Arcades,/fr/station-information/brussel-bruxelles/arcaden-arcades
Bockstael,/fr/station-information/brussel-bruxelles/bockstael
Boondael,/fr/station-information/brussel-bruxelles/boondaal-boondael
Bordet,/fr/station-information/brussel-bruxelles/bordet
Boitsfort,/fr/station-information/brussel-bruxelles/bosvoorde-boitsfort
Bruxelles-Central,/fr/station-information/brussel-bruxelles/centraal-central
Bruxelles-Congres,/fr/station-information/brussel-bruxelles/congres
Delta,/fr/station-information/brussel-bruxelles/delta
Vivier D'oie,/fr/station-information/brussel-bruxelles/diesdelle-vivier-doie
Etterbeek,/fr/station-information/brussel-bruxelles/etterbeek
Evere,/fr/station-information/brussel-bruxelles/evere
Haren,/fr/station-information/brussel-bruxelles/haren
Haren-Sud,/fr/station-information/brussel-bruxelles/haren-zuid-sud
Jette,/fr/station-information/brussel-bruxelles/jette
Bruxelles-Chapelle,/fr/station-information/brussel-bruxelles/kapellekerk-chapel
Bruxelles-Luxembourg,/fr/station-information/brussel-bruxelles/luxemburg-luxembourg
Meiser,/fr/station-information/brussel-bruxelles/meiser
Merode,/fr/station-information/brussel-bruxelles/merode
Moensberg,/fr/station-information/brussel-bruxelles/moensberg
Germoir,/fr/station-information/brussel-bruxelles/mouterij-germoir
Bruxelles-Nord,/fr/station-information/brussel-bruxelles/noord-nord
Schaerbeek,/fr/station-information/brussel-bruxelles/schaarbeek-schaerbeek
Bruxelles-Schuman,/fr/station-information/brussel-bruxelles/schuman
Simonis,/fr/station-information/brussel-bruxelles/simonis
Berchem-Sainte-Agathe,/fr/station-information/brussel-bruxelles/sint-agatha-berchem-berchem-saint-agathe
Saint-Job,/fr/station-information/brussel-bruxelles/sint-job-saint-job
Tour-Et-Taxis,/fr/station-information/brussel-bruxelles/thurn-en-taxis-tour-et-taxis
Uccle-Calevoet,/fr/station-information/brussel-bruxelles/ukkel-kalevoet-uccle-calvoet
Uccle-Stalle,/fr/station-information/brussel-bruxelles/ukkel-stalle-uccle-stalle
Forest-Est,/fr/station-information/brussel-bruxelles/vorst-oost-forest-est
Forest-Midi,/fr/station-information/brussel-bruxelles/vorst-zuid-forest-midi
Watermael,/fr/station-information/brussel-bruxelles/watermaal-watermael
Bruxelles-Ouest,/fr/station-information/brussel-bruxelles/west-ouest
Bruxelles-Midi,/fr/station-information/brussel-bruxelles/zuid-midi
Flandre Orientale,/fr/station-information/oost-vlaanderen
Alost,/fr/station-information/oost-vlaanderen/aalst
Alost-Kerrebroek,/fr/station-information/oost-vlaanderen/aalst-kerrebroek
Aalter,/fr/station-information/oost-vlaanderen/aalter
Appelterre,/fr/station-information/oost-vlaanderen/appelterre
Baasrode-Zuid,/fr/station-information/oost-vlaanderen/baasrode-zuid
Balegem-Dorp,/fr/station-information/oost-vlaanderen/balegem-dorp
Balegem-Zuid,/fr/station-information/oost-vlaanderen/balegem-zuid
Bambrugge,/fr/station-information/oost-vlaanderen/bambrugge
Beervelde,/fr/station-information/oost-vlaanderen/beervelde
Bellem,/fr/station-information/oost-vlaanderen/bellem
Belsele,/fr/station-information/oost-vlaanderen/belsele
Beveren(Waas),/fr/station-information/oost-vlaanderen/beveren
Buggenhout,/fr/station-information/oost-vlaanderen/buggenhout
Burst,/fr/station-information/oost-vlaanderen/burst
Deinze,/fr/station-information/oost-vlaanderen/deinze
Denderleeuw,/fr/station-information/oost-vlaanderen/denderleeuw
Termonde,/fr/station-information/oost-vlaanderen/dendermonde
De Pinte,/fr/station-information/oost-vlaanderen/de-pinte
Drongen,/fr/station-information/oost-vlaanderen/drongen
Ede,/fr/station-information/oost-vlaanderen/ede
Eeklo,/fr/station-information/oost-vlaanderen/eeklo
Eichem,/fr/station-information/oost-vlaanderen/eichem
Eine,/fr/station-information/oost-vlaanderen/eine
Eke-Nazareth,/fr/station-information/oost-vlaanderen/eke-nazareth
Erembodegem,/fr/station-information/oost-vlaanderen/erembodegem
Erpe-Mere,/fr/station-information/oost-vlaanderen/erpe-mere
Evergem,/fr/station-information/oost-vlaanderen/evergem
Gavere-Asper,/fr/station-information/oost-vlaanderen/gavere-asper
Gentbrugge,/fr/station-information/oost-vlaanderen/gentbrugge
Gand-Dampoort,/fr/station-information/oost-vlaanderen/gent-dampoort
Gand-Saint-Pierre,/fr/station-information/oost-vlaanderen/gent-sint-pieters
Grammont,/fr/station-information/oost-vlaanderen/geraardsbergen
Gontrode,/fr/station-information/oost-vlaanderen/gontrode
Haaltert,/fr/station-information/oost-vlaanderen/haaltert
Hansbeke,/fr/station-information/oost-vlaanderen/hansbeke
Heizijde,/fr/station-information/oost-vlaanderen/heizijde
Herzele,/fr/station-information/oost-vlaanderen/herzele
Hillegem,/fr/station-information/oost-vlaanderen/hillegem
Iddergem,/fr/station-information/oost-vlaanderen/iddergem
Idegem,/fr/station-information/oost-vlaanderen/idegem
Kwatrecht,/fr/station-information/oost-vlaanderen/kwatrecht
Landegem,/fr/station-information/oost-vlaanderen/landegem
Landskouter,/fr/station-information/oost-vlaanderen/landskouter
Lebbeke,/fr/station-information/oost-vlaanderen/lebbeke
Lede,/fr/station-information/oost-vlaanderen/lede
Lierde,/fr/station-information/oost-vlaanderen/lierde
Lokeren,/fr/station-information/oost-vlaanderen/lokeren
Maria-Aalter,/fr/station-information/oost-vlaanderen/maria-aalter
Melle,/fr/station-information/oost-vlaanderen/melle
Melsele,/fr/station-information/oost-vlaanderen/melsele
Merelbeke,/fr/station-information/oost-vlaanderen/merelbeke
Moortsele,/fr/station-information/oost-vlaanderen/moortsele
Munkzwalm,/fr/station-information/oost-vlaanderen/munkzwalm
Nieuwkerken-Waas,/fr/station-information/oost-vlaanderen/nieuwkerken-waas
Ninove,/fr/station-information/oost-vlaanderen/ninove
Okegem,/fr/station-information/oost-vlaanderen/okegem
Oudegem,/fr/station-information/oost-vlaanderen/oudegem
Audenarde,/fr/station-information/oost-vlaanderen/oudenaarde
Renaix,/fr/station-information/oost-vlaanderen/renaix-ronse
Scheldewindeke,/fr/station-information/oost-vlaanderen/scheldewindeke
Schellebelle,/fr/station-information/oost-vlaanderen/schellebelle
Schendelbeke,/fr/station-information/oost-vlaanderen/schendelbeke
Schoonaarde,/fr/station-information/oost-vlaanderen/schoonaarde
Serskamp,/fr/station-information/oost-vlaanderen/serskamp
Sinaai,/fr/station-information/oost-vlaanderen/sinaai
Sint-Denijs-Boekel,/fr/station-information/oost-vlaanderen/sint-denijs-boekel
Sint-Gillis (Dendermonde),/fr/station-information/oost-vlaanderen/sint-gillis
Sint-Niklaas,/fr/station-information/oost-vlaanderen/sint-niklaas
Sleidinge,/fr/station-information/oost-vlaanderen/sleidinge
Temse,/fr/station-information/oost-vlaanderen/temse
Terhagen,/fr/station-information/oost-vlaanderen/terhagen
Viane-Moerbeke,/fr/station-information/oost-vlaanderen/viane-moerbeke
Vijfhuizen,/fr/station-information/oost-vlaanderen/vijfhuizen
Waarschoot,/fr/station-information/oost-vlaanderen/waarschoot
Welle,/fr/station-information/oost-vlaanderen/welle
Wetteren,/fr/station-information/oost-vlaanderen/wetteren
Wichelen,/fr/station-information/oost-vlaanderen/wichelen
Wondelgem,/fr/station-information/oost-vlaanderen/wondelgem
Zandbergen,/fr/station-information/oost-vlaanderen/zandbergen
Zele,/fr/station-information/oost-vlaanderen/zele
Zingem,/fr/station-information/oost-vlaanderen/zingem
Zottegem,/fr/station-information/oost-vlaanderen/zottegem
Brabant Flamand,/fr/station-information/vlaams-brabant
Aarschot,/fr/station-information/vlaams-brabant/aarschot
Asse,/fr/station-information/vlaams-brabant/asse
Beersel,/fr/station-information/vlaams-brabant/beersel
Begijnendijk,/fr/station-information/vlaams-brabant/begijnendijk
Boortmeerbeek,/fr/station-information/vlaams-brabant/boortmeerbeek
Brussels Airport-Zaventem,/fr/station-information/vlaams-brabant/brussels-airport-zaventem
Buda,/fr/station-information/vlaams-brabant/buda
Buizingen,/fr/station-information/vlaams-brabant/buizingen
De Hoek,/fr/station-information/vlaams-brabant/de-hoek
Diegem,/fr/station-information/vlaams-brabant/diegem
Diest,/fr/station-information/vlaams-brabant/diest
Dilbeek,/fr/station-information/vlaams-brabant/dilbeek
Eppegem,/fr/station-information/vlaams-brabant/eppegem
Erps-Kwerps,/fr/station-information/vlaams-brabant/erps-kwerps
Essene-Lombeek,/fr/station-information/vlaams-brabant/essene-lombeek
Ezemaal,/fr/station-information/vlaams-brabant/ezemaal
Gammerages,/fr/station-information/vlaams-brabant/galmaarden
Groenendaal,/fr/station-information/vlaams-brabant/groenendaal
Groot-Bijgaarden,/fr/station-information/vlaams-brabant/groot-bijgaarden
Haacht,/fr/station-information/vlaams-brabant/haacht
Hal,/fr/station-information/vlaams-brabant/halle
Hambos,/fr/station-information/vlaams-brabant/hambos
Herent,/fr/station-information/vlaams-brabant/herent
Herne,/fr/station-information/vlaams-brabant/herne
Hever,/fr/station-information/vlaams-brabant/hever
Heverlee,/fr/station-information/vlaams-brabant/heverlee
Hoeilaart,/fr/station-information/vlaams-brabant/hoeilaart
Hofstade,/fr/station-information/vlaams-brabant/hofstade
Holleken,/fr/station-information/vlaams-brabant/holleken
Huizingen,/fr/station-information/vlaams-brabant/huizingen
Kapelle-Op-Den-Bos,/fr/station-information/vlaams-brabant/kapelle-op-den-bos
Kortenberg,/fr/station-information/vlaams-brabant/kortenberg
Landen,/fr/station-information/vlaams-brabant/landen
Langdorp,/fr/station-information/vlaams-brabant/langdorp
Lembeek,/fr/station-information/vlaams-brabant/lembeek
Louvain,/fr/station-information/vlaams-brabant/leuven
Liedekerke,/fr/station-information/vlaams-brabant/liedekerke
Linkebeek,/fr/station-information/vlaams-brabant/linkebeek
Londerzeel,/fr/station-information/vlaams-brabant/londerzeel
Lot,/fr/station-information/vlaams-brabant/lot
Malderen,/fr/station-information/vlaams-brabant/malderen
Merchtem,/fr/station-information/vlaams-brabant/merchtem
Mollem,/fr/station-information/vlaams-brabant/mollem
Neerwinden,/fr/station-information/vlaams-brabant/neerwinden
Nossegem,/fr/station-information/vlaams-brabant/nossegem
Opwijk,/fr/station-information/vlaams-brabant/opwijk
Oud-Heverlee,/fr/station-information/vlaams-brabant/oud-heverlee
Ruisbroek,/fr/station-information/vlaams-brabant/ruisbroek
Rhode-Saint-Genese,/fr/station-information/vlaams-brabant/sint-genesius-rode-rhode-saint-genese
Sint-Joris-Weert,/fr/station-information/vlaams-brabant/sint-joris-weert
Sint-Martens-Bodegem,/fr/station-information/vlaams-brabant/sint-martens-bodegem
Ternat,/fr/station-information/vlaams-brabant/ternat
Testelt,/fr/station-information/vlaams-brabant/testelt
Tirlemont,/fr/station-information/vlaams-brabant/tienen
Tollembeek,/fr/station-information/vlaams-brabant/tollembeek
Veltem,/fr/station-information/vlaams-brabant/veltem
Vertrijk,/fr/station-information/vlaams-brabant/vertrijk
Vilvorde,/fr/station-information/vlaams-brabant/vilvoorde
Weerde,/fr/station-information/vlaams-brabant/weerde
Wespelaar-Tildonk,/fr/station-information/vlaams-brabant/wespelaar-tildonk
Wezemaal,/fr/station-information/vlaams-brabant/wezemaal
Wijgmaal,/fr/station-information/vlaams-brabant/wijgmaal
Zaventem,/fr/station-information/vlaams-brabant/zaventem
Zellik,/fr/station-information/vlaams-brabant/zellik
Zichem,/fr/station-information/vlaams-brabant/zichem
Hainaut,/fr/station-information/hainaut
Acren,/fr/station-information/hainaut/acren
Aiseau,/fr/station-information/hainaut/aiseau
Antoing,/fr/station-information/hainaut/antoing
Ath,/fr/station-information/hainaut/ath
Beignee,/fr/station-information/hainaut/beignee
Binche,/fr/station-information/hainaut/binche
Blaton,/fr/station-information/hainaut/blaton
Boussu,/fr/station-information/hainaut/boussu
Bracquegnies,/fr/station-information/hainaut/bracquegnies
Braine-Le-Comte,/fr/station-information/hainaut/braine-le-comte
Brugelette,/fr/station-information/hainaut/brugelette
Callenelle,/fr/station-information/hainaut/callenelle
Cambron-Casteau,/fr/station-information/hainaut/cambron-casteau
Carnieres,/fr/station-information/hainaut/carnieres
Charleroi-Central,/fr/station-information/hainaut/charleroi-central
Charleroi-Ouest,/fr/station-information/hainaut/charleroi-ouest
Chatelet,/fr/station-information/hainaut/chatelet
Comines,/fr/station-information/hainaut/comines-komen
Couillet,/fr/station-information/hainaut/couillet
Courcelles-Motte,/fr/station-information/hainaut/courcelles-motte
Cour-Sur-Heure,/fr/station-information/hainaut/cour-sur-heure
Ecaussinnes,/fr/station-information/hainaut/ecaussinnes
Enghien,/fr/station-information/hainaut/enghien-edingen
Erbisoeul,/fr/station-information/hainaut/erbisoeul
Erquelinnes,/fr/station-information/hainaut/erquelinnes
Erquelinnes-Village,/fr/station-information/hainaut/erquelinnes-village
Familleureux,/fr/station-information/hainaut/familleureux
Farciennes,/fr/station-information/hainaut/farciennes
Fleurus,/fr/station-information/hainaut/fleurus
Fontaine-Valmont,/fr/station-information/hainaut/fontaine-valmont
Forchies,/fr/station-information/hainaut/forchies
Frameries,/fr/station-information/hainaut/frameries
Froyennes,/fr/station-information/hainaut/froyennes
Genly,/fr/station-information/hainaut/genly
Ghlin,/fr/station-information/hainaut/ghlin
Godarville,/fr/station-information/hainaut/godarville
Gouy-Lez-Pieton,/fr/station-information/hainaut/gouy-lez-pieton
Hainin,/fr/station-information/hainaut/hainin
Ham-Sur-Heure,/fr/station-information/hainaut/ham-sur-heure
Harchies,/fr/station-information/hainaut/harchies
Havre,/fr/station-information/hainaut/havre
Hennuyeres,/fr/station-information/hainaut/hennuyeres
Herseaux,/fr/station-information/hainaut/herseaux
Houraing,/fr/station-information/hainaut/houraing
Hourpes,/fr/station-information/hainaut/hourpes
Jamioulx,/fr/station-information/hainaut/jamioulx
Jemappes,/fr/station-information/hainaut/jemappes
Jurbise,/fr/station-information/hainaut/jurbise
Labuissiere,/fr/station-information/hainaut/labuissiere
La Louviere-Centre,/fr/station-information/hainaut/la-louviere-centre
La Louviere-Sud,/fr/station-information/hainaut/la-louviere-sud
Landelies,/fr/station-information/hainaut/landelies
Le Campinaire,/fr/station-information/hainaut/le-campinaire
Lens,/fr/station-information/hainaut/lens
Lessines,/fr/station-information/hainaut/lessines
Leuze,/fr/station-information/hainaut/leuze
Leval,/fr/station-information/hainaut/leval
Lobbes,/fr/station-information/hainaut/lobbes
Lodelinsart,/fr/station-information/hainaut/lodelinsart
Luttre,/fr/station-information/hainaut/luttre
Maffle,/fr/station-information/hainaut/maffle
Manage,/fr/station-information/hainaut/manage
Marche-Lez-Ecaussinnes,/fr/station-information/hainaut/marche-lez-ecaussinnes
Marchienne-Au-Pont,/fr/station-information/hainaut/marchienne-au-pont
Marchienne-Zone,/fr/station-information/hainaut/marchienne-zone
Masnuy-Saint-Pierre,/fr/station-information/hainaut/masnuy-saint-pierre
Maubray,/fr/station-information/hainaut/maubray
Mevergnies-Attre,/fr/station-information/hainaut/mevergnies-attre
Mons,/fr/station-information/hainaut/mons
Morlanwelz,/fr/station-information/hainaut/morlanwelz
Mouscron,/fr/station-information/hainaut/mouscron-moeskroen
Neufvilles,/fr/station-information/hainaut/neufvilles
Nimy,/fr/station-information/hainaut/nimy
Obaix-Buzet,/fr/station-information/hainaut/obaix-buzet
Obourg,/fr/station-information/hainaut/obourg
Papignies,/fr/station-information/hainaut/papignies
Peruwelz,/fr/station-information/hainaut/peruwelz
Pieton,/fr/station-information/hainaut/pieton
Pont-A-Celles,/fr/station-information/hainaut/pont-a-celles
Quaregnon,/fr/station-information/hainaut/quaregnon
Quevy,/fr/station-information/hainaut/quevy
Quievrain,/fr/station-information/hainaut/quievrain
Rebaix,/fr/station-information/hainaut/rebaix
Roux,/fr/station-information/hainaut/roux
Saint-Ghislain,/fr/station-information/hainaut/saint-ghislain
Silly,/fr/station-information/hainaut/silly
Soignies,/fr/station-information/hainaut/soignies
Solre-Sur-Sambre,/fr/station-information/hainaut/solre-sur-sambre
Thieu,/fr/station-information/hainaut/thieu
Thuin,/fr/station-information/hainaut/thuin
Thulin,/fr/station-information/hainaut/thulin
Tournai,/fr/station-information/hainaut/tournai
Ville-Pommeroeul,/fr/station-information/hainaut/ville-pommeroeul
Liège,/fr/station-information/liege
Amay,/fr/station-information/liege/amay
Ampsin,/fr/station-information/liege/ampsin
Angleur,/fr/station-information/liege/angleur
Ans,/fr/station-information/liege/ans
Aywaille,/fr/station-information/liege/aywaille
Bas-Oha,/fr/station-information/liege/bas-oha
Bierset-Awans,/fr/station-information/liege/bierset-awans
Bleret,/fr/station-information/liege/bleret
Bressoux,/fr/station-information/liege/bressoux
Chaudfontaine,/fr/station-information/liege/chaudfontaine
Chenee,/fr/station-information/liege/chenee
Comblain-La-Tour,/fr/station-information/liege/comblain-la-tour
Coo,/fr/station-information/liege/coo
Dolhain-Gileppe,/fr/station-information/liege/dolhain-gileppe
Engis,/fr/station-information/liege/engis
Esneux,/fr/station-information/liege/esneux
Eupen,/fr/station-information/liege/eupen
Fexhe-Le-Haut-Clocher,/fr/station-information/liege/fexhe-le-haut-clocher
Flemalle-Grande,/fr/station-information/liege/flemalle-grande
Flemalle-Haute,/fr/station-information/liege/flemalle-haute
Fraipont,/fr/station-information/liege/fraipont
Franchimont,/fr/station-information/liege/franchimont
Glons,/fr/station-information/liege/glons
Hamoir,/fr/station-information/liege/hamoir
Haute-Flone,/fr/station-information/liege/haute-flone
Hergenrath,/fr/station-information/liege/hergenrath
Herstal,/fr/station-information/liege/herstal
Hony,/fr/station-information/liege/hony
Huy,/fr/station-information/liege/huy
Jemeppe-Sur-Meuse,/fr/station-information/liege/jemeppe-sur-meuse
Juslenville,/fr/station-information/liege/juslenville
Leman,/fr/station-information/liege/leman
Liege-Carre,/fr/station-information/liege/liege-carre
Liege-Guillemins,/fr/station-information/liege/liege-guillemins
Liege-Saint-Lambert,/fr/station-information/liege/liege-saint-lambert
Liers,/fr/station-information/liege/liers
Mery,/fr/station-information/liege/mery
Milmort,/fr/station-information/liege/milmort
Momalle,/fr/station-information/liege/momalle
Nessonvaux,/fr/station-information/liege/nessonvaux
Ougree,/fr/station-information/liege/ougree
Pepinster,/fr/station-information/liege/pepinster
Pepinster-Cite,/fr/station-information/liege/pepinster-cite
Pont-De-Seraing,/fr/station-information/liege/pont-de-seraing
Poulseur,/fr/station-information/liege/poulseur
Remicourt,/fr/station-information/liege/remicourt
Rivage,/fr/station-information/liege/rivage
Sclessin,/fr/station-information/liege/sclessin
Seraing,/fr/station-information/liege/seraing
Spa,/fr/station-information/liege/spa
Spa-Geronstere,/fr/station-information/liege/spa-geronstere
Statte,/fr/station-information/liege/statte
Sy,/fr/station-information/liege/sy
Theux,/fr/station-information/liege/theux
Tilff,/fr/station-information/liege/tilff
Trois-Ponts,/fr/station-information/liege/trois-ponts
Trooz,/fr/station-information/liege/trooz
Verviers-Central,/fr/station-information/liege/verviers-central
Verviers-Palais,/fr/station-information/liege/verviers-palais
Vise,/fr/station-information/liege/vise
Voroux / Voroux-Goreux,/fr/station-information/liege/voroux
Waremme,/fr/station-information/liege/waremme
Welkenraedt,/fr/station-information/liege/welkenraedt
Limbourg,/fr/station-information/limburg
Alken,/fr/station-information/limburg/alken
Beringen,/fr/station-information/limburg/beringen
Beverlo,/fr/station-information/limburg/beverlo
Bilzen,/fr/station-information/limburg/bilzen
Bokrijk,/fr/station-information/limburg/bokrijk
Diepenbeek,/fr/station-information/limburg/diepenbeek
Genk,/fr/station-information/limburg/genk
Hamont,/fr/station-information/limburg/hamont
Hasselt,/fr/station-information/limburg/hasselt
Heusden,/fr/station-information/limburg/heusden
Kiewit,/fr/station-information/limburg/kiewit
Bourg-Leopold,/fr/station-information/limburg/leopoldsburg
Lommel,/fr/station-information/limburg/lommel
Neerpelt,/fr/station-information/limburg/neerpelt
Overpelt,/fr/station-information/limburg/overpelt
Schulen,/fr/station-information/limburg/schulen
Saint-Trond,/fr/station-information/limburg/sint-truiden
Tongres,/fr/station-information/limburg/tongeren
Zolder,/fr/station-information/limburg/zolder
Zonhoven,/fr/station-information/limburg/zonhoven
Luxembourg,/fr/station-information/luxembourg
Arlon,/fr/station-information/luxembourg/arlon
Athus,/fr/station-information/luxembourg/athus
Aubange,/fr/station-information/luxembourg/aubange
Aye,/fr/station-information/luxembourg/aye
Barvaux,/fr/station-information/luxembourg/barvaux
Bertrix,/fr/station-information/luxembourg/bertrix
Bomal,/fr/station-information/luxembourg/bomal
Carlsbourg,/fr/station-information/luxembourg/carlsbourg
Florenville,/fr/station-information/luxembourg/florenville
Forrieres,/fr/station-information/luxembourg/forrieres
Gouvy,/fr/station-information/luxembourg/gouvy
Grupont,/fr/station-information/luxembourg/grupont
Habay,/fr/station-information/luxembourg/habay
Halanzy,/fr/station-information/luxembourg/halanzy
Libramont,/fr/station-information/luxembourg/libramont
Marbehan,/fr/station-information/luxembourg/marbehan
Marche-En-Famenne,/fr/station-information/luxembourg/marche-en-famenne
Marloie,/fr/station-information/luxembourg/marloie
Melreux-Hotton,/fr/station-information/luxembourg/melreux-hotton
Messancy,/fr/station-information/luxembourg/messancy
Neufchateau,/fr/station-information/luxembourg/neufchateau
Paliseul,/fr/station-information/luxembourg/paliseul
Poix-Saint-Hubert,/fr/station-information/luxembourg/poix-saint-hubert
Stockem,/fr/station-information/luxembourg/stockem
Vielsalm,/fr/station-information/luxembourg/vielsalm
Virton,/fr/station-information/luxembourg/virton
Viville,/fr/station-information/luxembourg/viville
Namur,/fr/station-information/namur
Andenne,/fr/station-information/namur/andenne
Anseremme,/fr/station-information/namur/anseremme
Assesse,/fr/station-information/namur/assesse
Auvelais,/fr/station-information/namur/auvelais
Beauraing,/fr/station-information/namur/beauraing
Berzee,/fr/station-information/namur/berzee
Beuzet,/fr/station-information/namur/beuzet
Chapelle-Dieu,/fr/station-information/namur/chapelle-dieu
Chapois,/fr/station-information/namur/chapois
Chateau-De-Seilles,/fr/station-information/namur/chateau-de-seilles
Ciney,/fr/station-information/namur/ciney
Courriere,/fr/station-information/namur/courriere
Couvin,/fr/station-information/namur/couvin
Dave-Saint-Martin,/fr/station-information/namur/dave-saint-martin
Dinant,/fr/station-information/namur/dinant
Ernage,/fr/station-information/namur/ernage
Flawinne,/fr/station-information/namur/flawinne
Floreffe,/fr/station-information/namur/floreffe
Franiere,/fr/station-information/namur/franiere
Gedinne,/fr/station-information/namur/gedinne
Gembloux,/fr/station-information/namur/gembloux
Gendron-Celles,/fr/station-information/namur/gendron-celles
Godinne,/fr/station-information/namur/godinne
Graide,/fr/station-information/namur/graide
Ham-Sur-Sambre,/fr/station-information/namur/ham-sur-sambre
Haversin,/fr/station-information/namur/haversin
Houyet,/fr/station-information/namur/houyet
Jambes,/fr/station-information/namur/jambes
Jambes-Est,/fr/station-information/namur/jambes-est
Jemeppe-Sur-Sambre,/fr/station-information/namur/jemeppe-sur-sambre
Leignon,/fr/station-information/namur/leignon
Ligny,/fr/station-information/namur/ligny
Lonzee,/fr/station-information/namur/lonzee
Lustin,/fr/station-information/namur/lustin
Marche-Les-Dames,/fr/station-information/namur/marche-les-dames
Mariembourg,/fr/station-information/namur/mariembourg
Mazy,/fr/station-information/namur/mazy
Moustier,/fr/station-information/namur/moustier
Nameche,/fr/station-information/namur/nameche
Namur,/fr/station-information/namur/namur
Naninne,/fr/station-information/namur/naninne
Natoye,/fr/station-information/namur/natoye
Philippeville,/fr/station-information/namur/philippeville
Pry,/fr/station-information/namur/pry
Rhisnes,/fr/station-information/namur/rhisnes
Jemelle,/fr/station-information/namur/rochefort-jemelle
Ronet,/fr/station-information/namur/ronet
Saint-Denis-Bovesse,/fr/station-information/namur/saint-denis-bovesse
Sart-Bernard,/fr/station-information/namur/sart-bernard
Sclaigneaux,/fr/station-information/namur/sclaigneaux
Tamines,/fr/station-information/namur/tamines
Walcourt,/fr/station-information/namur/walcourt
Yves-Gomezee,/fr/station-information/namur/yves-gomezee
Yvoir,/fr/station-information/namur/yvoir
Brabant Wallon,/fr/station-information/brabant-wallon
Archennes,/fr/station-information/brabant-wallon/archennes
Basse-Wavre,/fr/station-information/brabant-wallon/basse-wavre
Bierges-Walibi,/fr/station-information/brabant-wallon/bierges-walibi
Blanmont,/fr/station-information/brabant-wallon/blanmont
Braine-L'alleud,/fr/station-information/brabant-wallon/braine-l-alleud
Ceroux-Mousty,/fr/station-information/brabant-wallon/ceroux-mousty
Chastre,/fr/station-information/brabant-wallon/chastre
Court-Saint-Etienne,/fr/station-information/brabant-wallon/court-saint-etienne
Faux,/fr/station-information/brabant-wallon/faux
Florival,/fr/station-information/brabant-wallon/florival
Gastuche,/fr/station-information/brabant-wallon/gastuche
Genval,/fr/station-information/brabant-wallon/genval
La Hulpe,/fr/station-information/brabant-wallon/la-hulpe
La Roche (Brabant Wallon),/fr/station-information/brabant-wallon/la-roche
Lillois,/fr/station-information/brabant-wallon/lillois
Limal,/fr/station-information/brabant-wallon/limal
Louvain-La-Neuve-Universite,/fr/station-information/brabant-wallon/louvain-la-neuve
Mont-Saint-Guibert,/fr/station-information/brabant-wallon/mont-saint-guibert
Nivelles,/fr/station-information/brabant-wallon/nivelles
Ottignies,/fr/station-information/brabant-wallon/ottignies
Pecrot,/fr/station-information/brabant-wallon/pecrot
Profondsart,/fr/station-information/brabant-wallon/profondsart
Rixensart,/fr/station-information/brabant-wallon/rixensart
Tilly,/fr/station-information/brabant-wallon/tilly
Tubize,/fr/station-information/brabant-wallon/tubize
Villers-La-Ville,/fr/station-information/brabant-wallon/villers-la-ville
Waterloo,/fr/station-information/brabant-wallon/waterloo
Wavre,/fr/station-information/brabant-wallon/wavre
Flandre Occidentale,/fr/station-information/west-vlaanderen
Aarsele,/fr/station-information/west-vlaanderen/aarsele
Anzegem,/fr/station-information/west-vlaanderen/anzegem
Beernem,/fr/station-information/west-vlaanderen/beernem
Bissegem,/fr/station-information/west-vlaanderen/bissegem
Blankenberge,/fr/station-information/west-vlaanderen/blankenberge
Bruges,/fr/station-information/west-vlaanderen/brugge
Bruges-Saint-Pierre,/fr/station-information/west-vlaanderen/brugge-sint-pieters
De Panne,/fr/station-information/west-vlaanderen/de-panne
Diksmuide,/fr/station-information/west-vlaanderen/diksmuide
Duinbergen,/fr/station-information/west-vlaanderen/duinbergen
Harelbeke,/fr/station-information/west-vlaanderen/harelbeke
Heist,/fr/station-information/west-vlaanderen/heist
Ypres,/fr/station-information/west-vlaanderen/ieper
Ingelmunster,/fr/station-information/west-vlaanderen/ingelmunster
Izegem,/fr/station-information/west-vlaanderen/izegem
Knokke,/fr/station-information/west-vlaanderen/knokke
Coxyde,/fr/station-information/west-vlaanderen/koksijde
Kortemark,/fr/station-information/west-vlaanderen/kortemark
Courtrai,/fr/station-information/west-vlaanderen/kortrijk
Lichtervelde,/fr/station-information/west-vlaanderen/lichtervelde
Lissewege,/fr/station-information/west-vlaanderen/lissewege
Menin,/fr/station-information/west-vlaanderen/menen
Ostende,/fr/station-information/west-vlaanderen/oostende
Oostkamp,/fr/station-information/west-vlaanderen/oostkamp
Poperinge,/fr/station-information/west-vlaanderen/poperinge
Roulers,/fr/station-information/west-vlaanderen/roeselare
Tielt,/fr/station-information/west-vlaanderen/tielt
Torhout,/fr/station-information/west-vlaanderen/torhout
Furnes,/fr/station-information/west-vlaanderen/veurne
Vichte,/fr/station-information/west-vlaanderen/vichte
Waregem,/fr/station-information/west-vlaanderen/waregem
Wervik,/fr/station-information/west-vlaanderen/wervik
Wevelgem,/fr/station-information/west-vlaanderen/wevelgem
Zedelgem,/fr/station-information/west-vlaanderen/zedelgem
Zeebrugge-Dorp/Strand,/fr/station-information/west-vlaanderen/zeebrugge-dorp
Zeebrugge-Dorp/Strand,/fr/station-information/west-vlaanderen/zeebrugge-strand
